{
  "total_comments": 4100,
  "accuracy": 88.21951219512195,
  "confidence_interval_lower": 87.2327145463466,
  "confidence_interval_upper": 89.2063098438973,
  "confusion_matrix": [
    [
      1041,
      155,
      108
    ],
    [
      43,
      693,
      37
    ],
    [
      58,
      82,
      1883
    ]
  ],
  "classification_report": {
    "Positive": {
      "precision": 0.9115586690017513,
      "recall": 0.7983128834355828,
      "f1-score": 0.8511856091578087,
      "support": 1304.0
    },
    "Neutral": {
      "precision": 0.7451612903225806,
      "recall": 0.8965071151358344,
      "f1-score": 0.8138578978273635,
      "support": 773.0
    },
    "Negative": {
      "precision": 0.9285009861932939,
      "recall": 0.9307958477508651,
      "f1-score": 0.9296470007405578,
      "support": 2023.0
    },
    "accuracy": 0.8821951219512195,
    "macro avg": {
      "precision": 0.8617403151725419,
      "recall": 0.8752052821074274,
      "f1-score": 0.8648968359085768,
      "support": 4100.0
    },
    "weighted avg": {
      "precision": 0.8885462626504079,
      "recall": 0.8821951219512195,
      "f1-score": 0.8828619687464592,
      "support": 4100.0
    }
  }
}